studentId,class
1,8C
2,12S
3,7I
4,6A
5,9I
6,2C
7,4N
8,4D
9,11X
10,2U
11,2C
12,1N
13,1L
14,5K
15,9V
16,6V
17,4S
18,5T
19,4G
20,7B
21,8B
22,6M
23,3B
24,7K
25,12B
26,9W
27,1V
28,1J
29,1S
30,5I
31,5D
32,4L
33,7M
34,7B
35,3W
36,8L
37,11U
38,7E
39,1G
40,3N
41,12I
42,7O
43,6H
44,2P
45,8P
46,5X
47,9O
48,6K
49,9Q
50,9J
51,4K
52,4F
53,11B
54,11V
55,3E
56,6E
57,4K
58,8O
59,12H
60,6Z
61,6X
62,7O
63,4Z
64,2Q
65,2T
66,6H
67,11V
68,10Q
69,9F
70,7S
71,6J
72,4A
73,12G
74,12L
75,6P
76,5O
77,12T
78,2H
79,1Z
80,1P
81,2E
82,3M
83,7I
84,8I
85,5B
86,6L
87,10D
88,11O
89,4W
90,5B
91,2C
92,11P
93,6B
94,4S
95,6Q
96,2E
97,7U
98,11L
99,8X
100,5T
101,1B
102,5T
103,12Q
104,8H
105,4K
106,9L
107,10V
108,8H
109,9G
110,7J
111,7J
112,9A
113,2U
114,4H
115,6U
116,11A
117,3O
118,3O
119,8R
120,7E
121,10O
122,2O
123,4M
124,2S
125,12I
126,1D
127,4X
128,3J
129,4R
130,12G
131,12S
132,1H
133,5K
134,6R
135,1F
136,3I
137,9A
138,6Z
139,5V
140,2D
141,6X
142,4M
143,6T
144,11Q
145,8H
146,5G
147,1C
148,3W
149,10K
150,12R
151,2S
152,7I
153,10H
154,11J
155,8X
156,11W
157,3T
158,4V
159,1U
160,4Q
161,10D
162,6I
163,10N
164,7I
165,5T
166,12F
167,7C
168,11F
169,4X
170,11Y
171,10X
172,12L
173,6W
174,9T
175,8L
176,8G
177,2C
178,11X
179,10P
180,1L
181,4B
182,6A
183,6T
184,7O
185,9Q
186,11N
187,1S
188,1E
189,11X
190,2J
191,3A
192,5R
193,12H
194,7A
195,12F
196,8V
197,5N
198,10V
199,7I
200,7P
201,5T
202,12Z
203,5O
204,4B
205,8I
206,10O
207,12Y
208,6L
209,8B
210,12H
211,9C
212,5J
213,4N
214,1V
215,12R
216,6I
217,3F
218,12I
219,2J
220,10F
221,10L
222,2I
223,3D
224,10R
225,9E
226,7U
227,6R
228,9F
229,4Z
230,5D
231,5R
232,11J
233,4P
234,12N
235,7C
236,4N
237,1H
238,6R
239,10F
240,11X
241,7N
242,6T
243,11T
244,12S
245,1I
246,1P
247,5W
248,11A
249,3O
250,7N
251,1U
252,4C
253,8G
254,7G
255,8N
256,11W
257,5Y
258,6D
259,1V
260,3L
261,4S
262,12A
263,9D
264,9M
265,11N
266,6Q
267,1D
268,7X
269,8Y
270,10E
271,3L
272,2Y
273,3T
274,10A
275,8O
276,12V
277,11L
278,1A
279,11U
280,2L
281,1B
282,2W
283,9R
284,10E
285,9Y
286,12X
287,12T
288,8H
289,4C
290,3R
291,1P
292,3P
293,12B
294,9T
295,3F
296,8O
297,3E
298,5Y
299,10N
300,3A
301,11Q
302,6F
303,12E
304,8B
305,11A
306,3P
307,5G
308,9X
309,5S
310,1P
311,8T
312,4A
313,7G
314,6F
315,12F
316,11L
317,7X
318,6E
319,7F
320,7B
321,12T
322,11J
323,5L
324,6O
325,2L
326,11H
327,7E
328,10Y
329,11U
330,7V
331,10K
332,10H
333,8E
334,2T
335,9L
336,7Y
337,6F
338,5B
339,11E
340,1B
341,5X
342,12G
343,11H
344,8K
345,5G
346,3A
347,7M
348,5B
349,4Q
350,1M
351,11P
352,10X
353,1L
354,1M
355,4H
356,5E
357,5A
358,1B
359,5I
360,10F
361,10U
362,11E
363,1F
364,3G
365,2Z
366,9E
367,6H
368,12O
369,1T
370,10C
371,12Q
372,3D
373,2C
374,5K
375,8D
376,4P
377,8Q
378,12K
379,10R
380,11D
381,3Q
382,10S
383,6N
384,8G
385,6O
386,5G
387,6S
388,8C
389,5B
390,11T
391,11F
392,3P
393,6Z
394,6B
395,4U
396,11U
397,6N
398,5R
399,9E
400,1N
401,8E
402,9W
403,11I
404,1S
405,12Y
406,3N
407,4J
408,11E
409,10J
410,2W
411,5Q
412,7U
413,1L
414,7F
415,12J
416,7Z
417,10Q
418,1B
419,3V
420,3P
421,5L
422,7G
423,10U
424,7D
425,6W
426,6S
427,6O
428,2J
429,8Y
430,2H
431,6D
432,10O
433,6R
434,1F
435,9S
436,7C
437,6D
438,11I
439,11Y
440,10I
441,8A
442,6E
443,12C
444,6Q
445,5N
446,6Q
447,6Y
448,8G
449,4N
450,11N
451,7A
452,8H
453,12I
454,5L
455,2B
456,12O
457,8F
458,7M
459,11C
460,1E
461,11W
462,5V
463,6B
464,6E
465,1H
466,7A
467,4H
468,3Q
469,12R
470,3B
471,10H
472,3R
473,10T
474,7H
475,4I
476,9F
477,9H
478,2M
479,11V
480,7Z
481,6X
482,10A
483,1E
484,11P
485,11C
486,3G
487,10N
488,2Y
489,10J
490,12H
491,8Y
492,11S
493,9W
494,12E
495,4O
496,2J
497,2Y
498,4D
499,3B
500,3M
501,12N
502,2N
503,3R
504,1I
505,6Y
506,5C
507,6W
508,1L
509,11X
510,12J
511,8S
512,2P
513,1O
514,6E
515,8J
516,3F
517,10I
518,10T
519,3O
520,9L
521,6P
522,11P
523,12K
524,7Y
525,4U
526,7D
527,1N
528,7L
529,7A
530,9F
531,2Y
532,1R
533,10H
534,11W
535,4J
536,10Y
537,9M
538,10Z
539,8Y
540,11V
541,3M
542,9N
543,2Z
544,11F
545,11K
546,4F
547,10K
548,2U
549,4Y
550,2R
551,8D
552,9L
553,8M
554,5X
555,9K
556,4E
557,12M
558,6K
559,7B
560,6V
561,2C
562,3A
563,12R
564,1R
565,3N
566,5L
567,9T
568,8J
569,12M
570,8C
571,2B
572,5E
573,12D
574,4I
575,7O
576,9F
577,3M
578,6R
579,9A
580,12K
581,8U
582,10Y
583,11J
584,5T
585,4Y
586,6F
587,4C
588,2T
589,4H
590,12P
591,2Y
592,10C
593,9M
594,2M
595,12H
596,2O
597,9W
598,10D
599,7S
600,3I
601,4V
602,8X
603,9V
604,7Q
605,1M
606,9Q
607,6E
608,2J
609,2L
610,4G
611,11C
612,5B
613,4P
614,10K
615,12I
616,2C
617,6O
618,6M
619,8L
620,3I
621,8S
622,6O
623,9N
624,2U
625,5N
626,9M
627,2J
628,1E
629,6V
630,1K
631,8N
632,3V
633,9P
634,7U
635,8H
636,11V
637,5Q
638,4S
639,2V
640,1J
641,12P
642,6F
643,5Y
644,1U
645,7Y
646,1R
647,4V
648,4J
649,3F
650,11K
651,1S
652,3M
653,4V
654,6J
655,7U
656,9L
657,12B
658,4H
659,2N
660,10Y
661,6I
662,6V
663,9G
664,6A
665,12P
666,12L
667,10N
668,6P
669,3U
670,5S
671,5J
672,10Y
673,1Y
674,1Z
675,11E
676,1S
677,4C
678,8A
679,4Y
680,11N
681,5I
682,8Z
683,2X
684,2M
685,10N
686,1Z
687,6F
688,11T
689,11O
690,12U
691,3G
692,10B
693,12E
694,11S
695,3S
696,11D
697,6M
698,12Q
699,5S
700,5G
701,12Q
702,7B
703,10N
704,11P
705,9D
706,6F
707,11Y
708,3P
709,8Q
710,5W
711,5Q
712,10P
713,9Z
714,5H
715,5Y
716,12Z
717,4W
718,6E
719,2X
720,1C
721,6B
722,9E
723,9C
724,11X
725,9V
726,3V
727,6E
728,1E
729,4Z
730,3Y
731,2Y
732,4B
733,5S
734,5W
735,1E
736,6K
737,8V
738,11Y
739,11J
740,11J
741,12H
742,11M
743,3C
744,10V
745,2P
746,5X
747,3O
748,10T
749,3L
750,11E
751,1S
752,3M
753,8P
754,5P
755,3B
756,7V
757,1R
758,5R
759,4J
760,3K
761,8M
762,12I
763,3R
764,1A
765,10E
766,3Q
767,2W
768,7L
769,7R
770,9M
771,6W
772,10G
773,2J
774,10Z
775,8L
776,3P
777,11C
778,10Q
779,7V
780,6I
781,4T
782,1J
783,8M
784,11V
785,2I
786,5V
787,3N
788,12F
789,4G
790,8F
791,10D
792,5J
793,6C
794,4P
795,11U
796,12K
797,3L
798,3J
799,1J
800,5I
801,9T
802,6A
803,6H
804,8I
805,7U
806,6O
807,8L
808,11N
809,9P
810,8I
811,10Y
812,5V
813,12I
814,8R
815,4G
816,9D
817,8D
818,9N
819,9M
820,1A
821,5V
822,1P
823,11Y
824,7H
825,5M
826,7T
827,1D
828,7G
829,5I
830,7K
831,7C
832,7P
833,4X
834,1M
835,9K
836,2U
837,2N
838,9I
839,9O
840,12F
841,2S
842,4I
843,6N
844,8A
845,8M
846,12H
847,11J
848,1W
849,10B
850,3Y
851,10Y
852,1Q
853,5V
854,3B
855,3Y
856,4P
857,4T
858,3T
859,1O
860,10S
861,9E
862,7U
863,5D
864,5M
865,2G
866,7Y
867,11V
868,11R
869,10A
870,9G
871,4U
872,3O
873,9I
874,4J
875,9O
876,5P
877,11U
878,8D
879,11T
880,7W
881,11Y
882,3N
883,9T
884,1A
885,7A
886,8Q
887,6Q
888,11A
889,12Y
890,1L
891,7P
892,12B
893,4U
894,3D
895,12K
896,6A
897,9O
898,10H
899,5A
900,9A
901,11J
902,7Q
903,1Z
904,5F
905,9F
906,10Y
907,6E
908,7Z
909,12H
910,2T
911,12Q
912,12T
913,4M
914,4F
915,12W
916,8W
917,6S
918,11F
919,3O
920,3C
921,2Y
922,11V
923,2V
924,3E
925,4W
926,10P
927,8P
928,12J
929,11B
930,1Q
931,1A
932,9D
933,5V
934,3F
935,12U
936,8H
937,6A
938,4X
939,12A
940,3Q
941,1O
942,5L
943,10U
944,1K
945,10W
946,11R
947,5N
948,10G
949,4R
950,3K
951,4S
952,7Q
953,10H
954,3V
955,1T
956,12R
957,4D
958,2N
959,7O
960,1A
961,7V
962,7C
963,10K
964,3N
965,5H
966,5E
967,8P
968,11L
969,4V
970,11H
971,12K
972,10G
973,1F
974,10C
975,3J
976,5L
977,5N
978,7I
979,12S
980,2L
981,6M
982,1S
983,2T
984,9T
985,7T
986,2S
987,7C
988,7Y
989,10P
990,10T
991,11V
992,9H
993,12I
994,9K
995,12M
996,12D
997,11K
998,5M
999,2X
1000,2A
1001,5I
1002,10A
1003,3M
1004,6N
1005,10C
1006,8B
1007,6Y
1008,7H
1009,1D
1010,6K
1011,8U
1012,6F
1013,12E
1014,7Q
1015,7H
1016,1V
1017,8V
1018,12D
1019,5N
1020,7C
1021,11R
1022,12V
1023,9H
1024,9X
1025,8K
1026,12E
1027,12V
1028,3R
1029,10E
1030,12L
1031,12D
1032,5L
1033,11X
1034,11K
1035,8E
1036,7F
1037,5L
1038,4A
1039,1I
1040,4A
1041,3Z
1042,3M
1043,12K
1044,2C
1045,9M
1046,3S
1047,1J
1048,1A
1049,3E
1050,5D
1051,4Y
1052,10X
1053,7V
1054,5Y
1055,10C
1056,1J
1057,7F
1058,7L
1059,12C
1060,11S
1061,12P
1062,10G
1063,2Y
1064,4I
1065,4P
1066,4Y
1067,9I
1068,2S
1069,4Y
1070,7G
1071,5C
1072,8G
1073,7F
1074,11P
1075,10X
1076,1F
1077,5C
1078,9C
1079,3W
1080,10R
1081,3Q
1082,6A
1083,2J
1084,9Z
1085,6X
1086,12R
1087,7A
1088,2M
1089,10U
1090,3V
1091,3Q
1092,3R
1093,11K
1094,1E
1095,4J
1096,5E
1097,4E
1098,8X
1099,10L
1100,12P
1101,3J
1102,5V
1103,2N
1104,1O
1105,5Q
1106,10V
1107,3Z
1108,2I
1109,8U
1110,12O
1111,8F
1112,10T
1113,9K
1114,8U
1115,7H
1116,5E
1117,1S
1118,11V
1119,12D
1120,4Y
1121,7K
1122,2F
1123,7C
1124,7O
1125,11S
1126,12L
1127,1X
1128,11U
1129,1T
1130,8R
1131,10C
1132,9C
1133,12N
1134,1D
1135,4O
1136,5X
1137,11X
1138,9N
1139,10R
1140,8U
1141,3O
1142,8I
1143,2J
1144,3R
1145,11K
1146,1A
1147,6S
1148,6M
1149,1G
1150,7H
1151,4N
1152,4P
1153,5F
1154,4F
1155,3W
1156,1T
1157,5H
1158,7E
1159,9I
1160,5E
1161,4Y
1162,9D
1163,3X
1164,9W
1165,1A
1166,11C
1167,3B
1168,1Q
1169,10V
1170,6X
1171,3E
1172,2P
1173,2C
1174,8X
1175,6J
1176,12I
1177,9B
1178,5Q
1179,2K
1180,9W
1181,5N
1182,5Z
1183,8M
1184,7F
1185,6Y
1186,9A
1187,3N
1188,1M
1189,7N
1190,9C
1191,7G
1192,11F
1193,7Y
1194,12D
1195,3Y
1196,2N
1197,3O
1198,12W
1199,7A
1200,4O
1201,1H
1202,5X
1203,1Z
1204,1O
1205,7U
1206,8W
1207,3N
1208,8U
1209,9Q
1210,9C
1211,11X
1212,12N
1213,5F
1214,2X
1215,3E
1216,7R
1217,5N
1218,6Q
1219,12N
1220,2T
1221,7U
1222,12J
1223,7Z
1224,4M
1225,5V
1226,2F
1227,8D
1228,1I
1229,6S
1230,7Y
1231,4V
1232,2Q
1233,7S
1234,10K
1235,11S
1236,3V
1237,10S
1238,8K
1239,4Z
1240,12X
1241,3M
1242,5E
1243,12R
1244,8U
1245,7S
1246,5B
1247,11K
1248,1B
1249,2X
1250,5K
1251,9S
1252,10Y
1253,5D
1254,6U
1255,10N
1256,2B
1257,11G
1258,9K
1259,3C
1260,7U
1261,12K
1262,5P
1263,4V
1264,4H
1265,2L
1266,12O
1267,12Z
1268,9F
1269,6M
1270,3G
1271,2W
1272,10Z
1273,8A
1274,9Y
1275,11D
1276,6P
1277,12L
1278,4W
1279,12P
1280,3H
1281,4H
1282,2G
1283,12L
1284,7G
1285,4M
1286,11M
1287,5W
1288,12J
1289,3G
1290,5D
1291,2J
1292,7S
1293,7F
1294,6Q
1295,2H
1296,2V
1297,9C
1298,9O
1299,12H
1300,4J
1301,8R
1302,5D
1303,1M
1304,11S
1305,6J
1306,6Z
1307,8V
1308,5M
1309,8D
1310,9O
1311,4N
1312,8N
1313,5E
1314,11V
1315,12I
1316,11I
1317,5O
1318,11H
1319,6O
1320,12N
1321,6G
1322,2M
1323,7V
1324,10W
1325,9M
1326,1P
1327,5P
1328,10M
1329,12C
1330,8T
1331,9A
1332,5F
1333,6Q
1334,5U
1335,7L
1336,11U
1337,4F
1338,7H
1339,11B
1340,1C
1341,6Z
1342,5J
1343,5U
1344,12M
1345,2I
1346,1V
1347,9C
1348,8Q
1349,5G
1350,5K
1351,11D
1352,9Q
1353,12X
1354,8G
1355,2M
1356,3U
1357,8I
1358,6R
1359,5I
1360,9F
1361,4V
1362,10M
1363,4J
1364,12Q
1365,2E
1366,3E
1367,1W
1368,12K
1369,2S
1370,8M
1371,10C
1372,10S
1373,11K
1374,8F
1375,12Y
1376,7T
1377,10Q
1378,6E
1379,1X
1380,8X
1381,9E
1382,3X
1383,10P
1384,1A
1385,7W
1386,8F
1387,2V
1388,10T
1389,10L
1390,10D
1391,4J
1392,1E
1393,5I
1394,4P
1395,4V
1396,10D
1397,4I
1398,2W
1399,11X
1400,5M
1401,8F
1402,8Q
1403,6B
1404,3C
1405,12S
1406,11V
1407,4A
1408,10N
1409,11A
1410,7H
1411,3W
1412,3E
1413,2F
1414,2C
1415,3J
1416,10T
1417,5C
1418,4O
1419,7U
1420,11R
1421,8I
1422,7G
1423,6X
1424,7K
1425,11D
1426,2O
1427,2U
1428,5I
1429,5V
1430,2Z
1431,9A
1432,4N
1433,6R
1434,7D
1435,5N
1436,10D
1437,11C
1438,8K
1439,6Q
1440,12B
1441,12B
1442,1K
1443,6F
1444,2U
1445,5F
1446,12X
1447,3O
1448,2V
1449,5K
1450,9W
1451,9N
1452,11J
1453,12G
1454,3R
1455,2Q
1456,6M
1457,12W
1458,2B
1459,3X
1460,4U
1461,8B
1462,12A
1463,9N
1464,11Q
1465,7U
1466,1T
1467,7D
1468,8T
1469,4F
1470,8K
1471,1D
1472,12J
1473,9M
1474,9I
1475,1D
1476,2T
1477,5U
1478,3Y
1479,4C
1480,12D
1481,2L
1482,7E
1483,11X
1484,4V
1485,1M
1486,10O
1487,6I
1488,9Y
1489,6Y
1490,12G
1491,9N
1492,1L
1493,5V
1494,10A
1495,6Z
1496,1B
1497,7T
1498,1R
1499,2U
1500,3E
1501,2E
1502,5E
1503,8Z
1504,9V
1505,11F
1506,12R
1507,8N
1508,9T
1509,2C
1510,9X
1511,4J
1512,3X
1513,10E
1514,3X
1515,3Y
1516,3T
1517,2U
1518,4Y
1519,3P
1520,4P
1521,2C
1522,11S
1523,4H
1524,4Z
1525,12Z
1526,9L
1527,12S
1528,12S
1529,2S
1530,12T
1531,11D
1532,4V
1533,9B
1534,2Q
1535,8X
1536,11C
1537,10K
1538,2Y
1539,12O
1540,8S
1541,8V
1542,1Z
1543,2N
1544,10L
1545,8A
1546,2F
1547,11N
1548,2R
1549,9C
1550,10Y
1551,2C
1552,2B
1553,11A
1554,2J
1555,4T
1556,6G
1557,5U
1558,2Q
1559,8D
1560,2C
1561,12U
1562,6Z
1563,12D
1564,11Z
1565,10L
1566,12P
1567,6C
1568,6T
1569,6Y
1570,5X
1571,12A
1572,9T
1573,12X
1574,2H
1575,9W
1576,6A
1577,8I
1578,1U
1579,8C
1580,12J
1581,10E
1582,6L
1583,7B
1584,11D
1585,2U
1586,5E
1587,6J
1588,8N
1589,4H
1590,10S
1591,3V
1592,3B
1593,12F
1594,8Q
1595,2S
1596,1S
1597,11U
1598,10O
1599,7Y
1600,12I
1601,9E
1602,1V
1603,2A
1604,4P
1605,8F
1606,5Y
1607,4L
1608,2H
1609,1A
1610,1X
1611,8B
1612,7N
1613,9Q
1614,12N
1615,10P
1616,11F
1617,6D
1618,7Q
1619,5Q
1620,6A
1621,5T
1622,2Z
1623,5L
1624,1H
1625,4C
1626,9S
1627,12X
1628,7U
1629,9Q
1630,1O
1631,6M
1632,2Y
1633,4I
1634,12A
1635,2F
1636,7Z
1637,5J
1638,3D
1639,2V
1640,11N
1641,3M
1642,11S
1643,2N
1644,1M
1645,7U
1646,10C
1647,2Q
1648,4Q
1649,9K
1650,3O
1651,6K
1652,3U
1653,11N
1654,10Q
1655,1H
1656,5K
1657,5M
1658,6V
1659,4G
1660,6F
1661,3M
1662,8C
1663,6J
1664,10Y
1665,12Y
1666,12E
1667,11G
1668,12Z
1669,1T
1670,12L
1671,3O
1672,11O
1673,4N
1674,7W
1675,3M
1676,6U
1677,1V
1678,2A
1679,2T
1680,12I
1681,3N
1682,7D
1683,11H
1684,4F
1685,5Z
1686,7D
1687,7U
1688,1E
1689,4Y
1690,8U
1691,4N
1692,3P
1693,7V
1694,1H
1695,5W
1696,10C
1697,3F
1698,3U
1699,11D
1700,8G
1701,11M
1702,8K
1703,4P
1704,3U
1705,5L
1706,7C
1707,1P
1708,1P
1709,3L
1710,6B
1711,5P
1712,10W
1713,9R
1714,7V
1715,7N
1716,10M
1717,9J
1718,2K
1719,3K
1720,8J
1721,7G
1722,2X
1723,4G
1724,5Z
1725,11K
1726,6S
1727,6T
1728,7F
1729,5T
1730,12B
1731,5T
1732,8M
1733,12Y
1734,11A
1735,11S
1736,11B
1737,12F
1738,10N
1739,6M
1740,7B
1741,1P
1742,2Q
1743,7D
1744,3A
1745,7A
1746,11T
1747,1V
1748,8J
1749,6Z
1750,8P
1751,6X
1752,11T
1753,11J
1754,7Y
1755,2Q
1756,10Y
1757,10Y
1758,5Z
1759,7R
1760,8K
1761,10G
1762,7B
1763,2O
1764,5N
1765,2E
1766,12F
1767,11H
1768,1M
1769,3F
1770,5V
1771,1Y
1772,5H
1773,3S
1774,2Q
1775,12B
1776,8Z
1777,5C
1778,2B
1779,1K
1780,5H
1781,11V
1782,1Q
1783,10Z
1784,8W
1785,4C
1786,5T
1787,10W
1788,6X
1789,11C
1790,4B
1791,6G
1792,3S
1793,6I
1794,9G
1795,4C
1796,8L
1797,4P
1798,3T
1799,9E
1800,5J
1801,4N
1802,10E
1803,10Q
1804,12O
1805,12E
1806,2L
1807,3T
1808,9Y
1809,10Q
1810,7A
1811,5H
1812,5E
1813,9X
1814,7E
1815,7U
1816,11F
1817,12X
1818,4O
1819,1A
1820,8X
1821,8I
1822,12Z
1823,12N
1824,7A
1825,4U
1826,6F
1827,11D
1828,6T
1829,2X
1830,10H
1831,5A
1832,8A
1833,9E
1834,11J
1835,3K
1836,9L
1837,6H
1838,3N
1839,10D
1840,4C
1841,6Z
1842,5K
1843,10J
1844,4A
1845,9Y
1846,12N
1847,4R
1848,9B
1849,5P
1850,3H
1851,10R
1852,4N
1853,5W
1854,3C
1855,4H
1856,3M
1857,2X
1858,4A
1859,8Q
1860,6S
1861,4Z
1862,3H
1863,7N
1864,5Y
1865,10J
1866,5K
1867,5M
1868,11R
1869,12L
1870,6Z
1871,11E
1872,8W
1873,5S
1874,5R
1875,8Q
1876,9N
1877,11B
1878,4F
1879,9C
1880,10C
1881,11L
1882,11R
1883,5T
1884,1Q
1885,6A
1886,4Q
1887,10L
1888,4F
1889,8B
1890,9H
1891,3N
1892,6P
1893,11R
1894,11Q
1895,7U
1896,10X
1897,2M
1898,5I
1899,3X
1900,4W
1901,1A
1902,3E
1903,2A
1904,7P
1905,8Q
1906,9Z
1907,5E
1908,3T
1909,1L
1910,10M
1911,11Q
1912,8L
1913,2R
1914,5J
1915,5B
1916,2K
1917,8E
1918,9S
1919,11G
1920,1E
1921,4G
1922,4P
1923,5M
1924,4M
1925,2Q
1926,4J
1927,3L
1928,11I
1929,8T
1930,7O
1931,8Z
1932,9H
1933,5X
1934,7A
1935,5K
1936,5K
1937,7O
1938,10P
1939,8S
1940,10N
1941,1Y
1942,2A
1943,8G
1944,7U
1945,4L
1946,12A
1947,8N
1948,12K
1949,10H
1950,3J
1951,4S
1952,9L
1953,7C
1954,12U
1955,4A
1956,1S
1957,8C
1958,10P
1959,2T
1960,11D
1961,9H
1962,9K
1963,10A
1964,2E
1965,6W
1966,9D
1967,4H
1968,11I
1969,9H
1970,9W
1971,1L
1972,2F
1973,1Z
1974,7L
1975,12A
1976,7D
1977,7J
1978,8T
1979,2K
1980,12H
1981,4N
1982,2H
1983,10D
1984,9J
1985,6C
1986,8G
1987,9S
1988,4Y
1989,3H
1990,3D
1991,1S
1992,6O
1993,3U
1994,6R
1995,9P
1996,3Z
1997,10I
1998,10W
1999,6F
2000,9O